date,open,high,close,low,volume,price_change,p_change,ma5,ma10,ma20,v_ma5,v_ma10,v_ma20,turnover
2021-01-05,77.5,77.5,77.3,76.0,195667.58,-0.19,-0.24,75.332,73.717,74.778,175621.31,148400.2,128843.23,1.79
2021-01-04,75.7,78.77,77.49,75.17,219886.31,1.83,2.42,74.172,73.367,74.896,160058.72,150199.6,123859.23,2.01
2020-12-31,73.65,77.28,75.66,73.0,255061.48,2.4,3.28,73.242,73.181,75.075,133652.88,142809.37,116878.14,2.33
2020-12-30,72.65,73.7,73.26,71.86,102810.36,0.31,0.42,72.248,73.225,75.302,119041.57,127731.15,108334.75,0.94
2020-12-29,72.5,74.38,72.95,72.23,104680.82,1.45,2.03,72.216,73.437,75.614,116769.15,125901.53,107517.24,0.96
2020-12-28,72.9,73.78,71.5,71.5,117854.61,-1.34,-1.84,72.102,73.712,75.952,121179.08,121574.66,106447.29,1.08
2020-12-25,70.8,73.0,72.84,70.6,87857.11,2.15,3.04,72.562,74.182,76.303,140340.49,118805.21,106460.71,0.8
2020-12-24,73.09,73.1,70.69,70.25,182004.95,-2.41,-3.3,73.12,74.428,76.659,151965.86,118219.63,110508.45,1.66
2020-12-23,72.72,73.78,73.1,72.58,91448.27,0.72,0.99,74.202,74.859,77.219,136420.73,109993.54,107072.8,0.84
2020-12-22,73.1,74.28,72.38,72.15,126730.48,-1.42,-1.92,74.658,75.188,77.573,135033.9,113650.09,110108.97,1.16
2020-12-21,74.81,74.87,73.8,72.33,213661.62,-1.83,-2.42,75.322,75.839,77.951,121970.23,109286.26,109716.42,1.95
2020-12-18,75.8,76.39,75.63,73.86,145983.98,-0.47,-0.62,75.802,76.425,78.219,97269.94,97518.87,109835.97,1.34
2020-12-17,75.35,77.09,76.1,75.02,104279.31,0.72,0.95,75.736,76.968,78.42,84473.4,90946.92,107449.81,0.95
2020-12-16,75.8,76.17,75.38,74.65,84514.12,-0.32,-0.42,75.516,77.378,78.615,83566.35,88938.35,108448.84,0.77
2020-12-15,76.8,76.83,75.7,75.38,61412.1,-0.5,-0.66,75.718,77.791,78.898,92266.28,89132.96,116779.7,0.56
2020-12-14,75.62,77.0,76.2,74.8,90160.17,0.9,1.2,76.356,78.192,79.037,96602.29,91319.93,123466.86,0.82
2020-12-11,75.2,76.14,75.3,74.3,82001.3,0.3,0.4,77.048,78.424,79.143,97767.8,94116.22,130180.67,0.75
2020-12-10,76.01,76.7,75.0,74.68,99744.05,-1.39,-1.82,78.2,78.889,79.175,97420.44,102797.27,134685.5,0.91
2020-12-09,78.5,79.0,76.39,76.19,128013.77,-2.5,-3.17,79.24,79.579,79.189,94310.35,104152.06,139296.0,1.17
2020-12-08,79.8,79.98,78.89,77.93,83092.16,-0.77,-0.97,79.864,79.957,79.075,85999.64,106567.85,145570.05,0.76
2020-12-07,80.84,80.84,79.66,78.91,95987.71,-1.4,-1.73,80.028,80.062,78.845,86037.57,110146.58,170142.02,0.88
2020-12-04,80.75,81.59,81.06,79.78,80264.5,0.86,1.07,79.8,80.012,78.373,90464.64,122153.07,176312.21,0.73
2020-12-03,79.83,80.79,80.2,79.51,84193.59,0.69,0.87,79.578,79.871,77.668,108174.1,123952.71,177697.69,0.77
2020-12-02,79.5,80.8,79.51,78.85,86460.25,-0.2,-0.25,79.918,79.851,77.01,113993.78,127959.34,181612.22,0.79
2020-12-01,79.5,80.24,79.71,79.01,83281.79,1.19,1.52,80.05,80.004,76.253,127136.05,144426.44,180900.05,0.76
2020-11-30,80.5,81.35,78.52,78.52,118123.06,-1.43,-1.79,80.096,79.882,75.48,134255.58,155613.78,182242.12,1.08
2020-11-27,82.5,82.66,79.95,78.86,168811.83,-1.95,-2.38,80.224,79.862,74.712,153841.5,166245.13,189911.74,1.54
2020-11-26,80.41,82.3,81.9,80.41,113291.97,1.73,2.16,80.164,79.46,74.019,139731.31,166573.73,186584.07,1.04
2020-11-25,81.0,82.99,80.17,80.17,152171.62,0.23,0.29,79.784,78.799,73.232,141924.89,174439.94,186191.6,1.39
2020-11-24,79.0,80.31,79.94,78.38,118879.43,0.78,0.98,79.958,78.192,72.583,161716.83,184572.26,182262.55,1.09
2020-11-23,78.0,79.9,79.16,75.8,216052.66,-0.49,-0.61,79.668,77.628,71.912,176971.98,230137.46,180722.11,1.98
2020-11-20,79.52,80.37,79.65,79.06,98260.89,-0.35,-0.44,79.5,76.733,71.319,178648.76,230471.35,172886.68,0.9
2020-11-19,80.11,80.68,80.0,79.04,124259.87,-1.04,-1.28,78.756,75.464,70.696,193416.15,231442.67,172195.52,1.14
2020-11-18,77.79,81.6,81.04,77.79,251131.3,2.55,3.25,77.814,74.168,70.09,206954.98,235265.1,173596.69,2.3
2020-11-17,78.96,79.45,78.49,77.35,195155.19,0.17,0.22,76.426,72.502,69.527,207427.68,217373.66,163715.01,1.78
2020-11-16,76.29,78.8,78.32,76.0,224436.53,2.39,3.15,75.588,71.078,69.08,283302.93,208870.46,156191.69,2.05
2020-11-13,75.2,76.55,75.93,73.89,172097.84,0.64,0.85,73.966,69.561,68.61,282293.95,213578.34,148632.35,1.57
2020-11-12,73.59,76.2,75.29,73.58,191954.06,1.19,1.61,72.172,68.578,68.287,269469.2,206594.42,143385.64,1.76
2020-11-11,74.0,74.88,74.1,72.53,253494.8,-0.2,-0.27,70.522,67.664,68.003,263575.22,197943.27,137357.64,2.32
2020-11-10,77.21,77.23,74.3,73.83,574531.44,4.09,5.83,68.578,66.974,67.83,227319.63,179952.85,130961.63,5.25
2020-11-09,67.87,70.37,70.21,67.87,219391.62,3.25,4.85,66.568,66.196,67.614,134437.98,131306.77,106982.01,2.01
2020-11-06,67.0,67.33,66.96,66.01,107974.09,-0.08,-0.12,65.156,65.905,67.609,144862.74,115302.0,102578.13,0.99
2020-11-05,64.8,67.09,67.04,64.78,162484.17,2.66,4.13,64.984,65.927,67.732,143719.64,112948.37,100952.28,1.49
2020-11-04,64.18,64.77,64.38,63.7,72216.81,0.13,0.2,64.806,66.011,67.819,132311.31,111928.28,95771.87,0.66
2020-11-03,63.16,64.43,64.25,62.66,110123.23,1.1,1.74,65.37,66.551,68.06,132586.07,110056.36,94888.62,1.01
2020-11-02,65.8,65.83,63.15,61.5,271515.38,-2.95,-4.46,65.824,67.082,68.267,128175.55,103512.93,92862.51,2.48
2020-10-30,66.01,67.3,66.1,66.0,102258.59,-0.05,-0.08,66.654,67.658,68.556,85741.26,83686.37,82557.26,0.94
2020-10-29,66.15,66.66,66.15,65.83,105442.55,-1.05,-1.56,66.87,67.996,68.691,82177.1,80176.86,82245.54,0.96
2020-10-28,66.33,67.44,67.2,66.01,73590.58,0.68,1.02,67.216,68.341,68.835,91545.25,76772.02,82519.21,0.67
2020-10-27,66.84,67.19,66.52,66.18,88070.67,-0.78,-1.16,67.732,68.686,68.935,87526.64,81970.41,94840.98,0.81
2020-10-26,66.84,67.5,67.3,66.0,59343.91,0.12,0.18,68.34,69.031,69.294,78850.31,82657.26,94087.27,0.54
2020-10-23,67.67,68.0,67.18,67.01,84437.78,-0.7,-1.03,68.662,69.313,69.673,81631.47,89854.27,97461.98,0.77
2020-10-22,69.66,69.66,67.88,67.5,152283.3,-1.9,-2.72,69.122,69.537,70.048,78176.62,88956.2,97782.0,1.39
2020-10-21,69.4,69.89,69.78,68.99,53497.56,0.22,0.32,69.466,69.627,70.363,61998.79,79615.46,95460.23,0.49
2020-10-20,68.9,69.59,69.56,68.58,44688.98,0.65,0.94,69.64,69.568,70.603,76414.17,79720.88,98232.67,0.41
2020-10-19,69.73,70.18,68.91,68.8,73249.73,-0.57,-0.82,69.722,69.452,70.84,86464.21,82212.1,102038.58,0.67
2020-10-16,69.43,70.04,69.48,69.22,67163.52,-0.12,-0.17,69.964,69.453,71.055,98077.06,81428.16,105055.04,0.61
2020-10-15,70.35,70.46,69.6,69.51,71394.18,-1.05,-1.49,69.952,69.385,71.266,99735.79,84314.22,106824.36,0.65
2020-10-14,69.99,70.74,70.65,68.89,125574.42,0.68,0.97,69.788,69.329,71.495,97232.12,88266.4,108959.2,1.15
2020-10-13,70.26,70.7,69.97,69.71,94939.2,-0.15,-0.21,69.496,69.184,71.805,83027.6,107711.56,108336.47,0.87
2020-10-12,69.38,70.44,70.12,69.08,131313.98,0.7,1.01,69.182,69.557,72.081,77959.98,105517.29,110581.66,1.2
2020-10-09,69.75,69.93,69.42,69.03,75457.15,0.64,0.93,68.942,70.032,72.46,64779.25,105069.7,112321.32,0.69
2020-09-30,69.18,69.76,68.78,68.55,58875.83,-0.41,-0.59,68.818,70.559,72.785,68892.65,106607.79,117262.3,0.54
2020-09-29,68.73,69.3,69.19,68.52,54551.84,0.79,1.16,68.87,71.099,73.116,79300.68,111305.0,119503.04,0.5
2020-09-28,69.51,69.66,68.4,68.25,69601.1,-0.52,-0.75,68.872,71.638,73.447,132395.52,116744.46,123226.78,0.64
2020-09-25,69.0,69.4,68.92,68.38,65410.35,0.12,0.17,69.932,72.228,73.847,133074.59,121865.06,132867.18,0.6
2020-09-24,69.3,69.68,68.8,68.41,96024.13,-0.24,-0.35,71.122,72.656,74.374,145360.14,128681.93,135350.85,0.88
2020-09-23,69.36,69.76,69.04,68.88,110915.98,-0.16,-0.23,72.3,73.146,74.891,144322.94,129334.5,135799.75,1.01
2020-09-22,72.9,72.9,69.2,68.9,320026.03,-4.5,-6.11,73.328,73.661,75.448,143309.32,129651.99,140123.28,2.93
2020-09-21,74.51,74.93,73.7,73.33,72996.48,-1.17,-1.56,74.404,74.425,75.898,101093.39,108961.39,129878.98,0.67
2020-09-18,74.69,75.1,74.87,72.87,126838.09,0.18,0.24,74.524,74.605,76.123,110655.53,115646.04,132738.55,1.16
2020-09-17,74.18,74.88,74.69,73.34,90838.1,0.51,0.69,74.19,74.888,76.264,112003.72,119572.95,133571.3,0.83
2020-09-16,74.35,75.5,74.18,73.95,105847.9,-0.4,-0.54,73.992,75.01,76.33,114346.06,127916.81,138697.52,0.97
2020-09-15,74.0,75.18,74.58,73.51,108946.39,0.28,0.38,73.994,75.133,76.547,115994.67,127701.08,149145.88,1.0
2020-09-14,73.86,75.52,74.3,73.6,120807.19,1.1,1.5,74.446,75.256,76.698,116829.38,129709.11,158331.74,1.1
2020-09-11,73.87,73.9,73.2,71.57,133579.03,-0.5,-0.68,74.686,75.466,76.702,120636.55,143869.3,162267.17,1.22
2020-09-10,74.75,75.35,73.7,73.51,102549.77,-0.49,-0.66,75.586,76.091,76.799,127142.17,142019.77,167103.52,0.94
2020-09-09,76.01,76.8,74.19,74.0,114090.95,-2.65,-3.45,76.028,76.635,76.758,141487.57,142265.0,170945.45,1.04
2020-09-08,75.84,77.2,76.84,75.5,113119.98,1.34,1.77,76.272,77.234,76.675,139407.5,150594.57,180186.57,1.03
2020-09-07,77.01,77.2,75.5,75.2,139843.0,-2.2,-2.83,76.066,77.37,76.345,142588.83,150796.57,185900.87,1.28
2020-09-04,75.33,78.05,77.7,74.62,166107.14,1.79,2.36,76.246,77.64,75.993,167102.05,149831.06,184788.74,1.52
2020-09-03,76.0,78.43,75.91,75.53,174276.77,0.5,0.66,76.596,77.639,75.497,156897.37,147569.65,181946.32,1.59
2020-09-02,76.14,76.94,75.41,74.78,103690.61,-0.4,-0.53,77.242,77.649,75.061,143042.42,149478.24,177913.91,0.95
2020-09-01,76.01,76.64,75.81,75.08,129026.61,-0.59,-0.77,78.196,77.96,74.672,161781.63,170590.68,181316.18,1.18
2020-08-31,79.56,79.84,76.4,76.01,262409.12,-3.05,-3.84,78.674,78.139,74.345,159004.31,186954.37,180899.79,2.4
2020-08-28,79.89,80.99,79.45,78.11,115083.73,0.31,0.39,79.034,77.937,73.94,132560.06,180665.04,174996.57,1.05
2020-08-27,80.05,80.85,79.14,78.59,105002.04,-1.04,-1.3,78.682,77.507,73.364,138241.92,192187.27,176116.47,0.96
2020-08-26,78.19,81.67,80.18,78.01,197386.67,1.98,2.53,78.056,76.881,72.824,155914.05,199625.91,174957.11,1.81
2020-08-25,78.2,79.5,78.2,77.2,115139.97,0.0,0.0,77.724,76.116,72.292,179399.72,209778.57,172057.28,1.05
2020-08-24,78.41,80.3,78.2,77.65,130187.91,0.51,0.66,77.604,75.319,71.757,214904.42,221005.17,172556.48,1.19
2020-08-21,76.01,79.32,77.69,75.01,143493.02,1.68,2.21,76.84,74.345,71.206,228770.02,219746.42,172412.04,1.31
2020-08-20,76.95,78.0,76.01,74.52,193362.69,-1.72,-2.21,76.332,73.354,70.74,246132.61,216322.99,174908.05,1.77
2020-08-19,77.44,81.1,78.52,76.32,314815.03,0.92,1.19,75.706,72.473,70.498,243337.77,206349.58,174660.5,2.88
2020-08-18,74.37,78.66,77.6,73.26,292663.47,3.22,4.33,74.508,71.384,70.172,240157.42,192041.67,169446.09,2.68
2020-08-17,75.1,75.74,74.38,73.6,199515.88,-0.77,-1.02,73.034,70.551,69.941,227105.91,174845.22,160244.68,1.82
2020-08-14,72.88,75.16,75.15,72.41,230305.98,2.27,3.12,71.85,69.943,69.862,210722.83,169328.1,158871.93,2.11
2020-08-13,73.25,74.25,72.88,72.05,179388.48,0.35,0.48,70.376,69.221,69.679,186513.36,160045.68,156740.84,1.64
2020-08-12,71.0,73.0,72.53,70.69,298913.31,2.3,3.27,69.24,68.767,69.524,169361.39,150288.31,160910.3,2.73
2020-08-11,68.88,71.3,70.23,68.88,227405.89,1.77,2.58,68.26,68.467,69.538,143925.92,134335.98,158757.14,2.08
2020-08-10,67.4,68.65,68.46,66.9,117600.48,0.68,1.0,68.068,68.194,69.646,122584.53,124107.8,157995.47,1.08
2020-08-07,67.25,68.08,67.78,66.81,109258.66,0.58,0.86,68.036,68.066,69.918,127933.36,125077.65,167856.34,1.0
2020-08-06,67.65,67.83,67.2,66.89,93628.62,-0.43,-0.64,68.066,68.125,70.306,133577.99,133493.11,169131.27,0.86
2020-08-05,68.8,68.85,67.63,67.48,171735.95,-1.64,-2.37,68.294,68.522,70.737,131215.23,142971.41,173327.7,1.57
2020-08-04,68.61,69.58,69.27,68.2,120698.93,0.97,1.42,68.674,68.959,71.102,124746.03,146850.51,175198.0,1.1
2020-08-03,68.34,68.58,68.3,67.7,144344.66,0.37,0.55,68.32,69.331,71.434,125631.07,145644.15,180026.58,1.32
2020-07-31,68.34,69.6,67.93,67.32,137481.8,-0.41,-0.6,68.096,69.78,71.875,122221.93,148415.76,182503.53,1.26
2020-07-30,69.41,69.45,68.34,68.28,81814.8,-1.19,-1.71,68.184,70.137,72.244,133408.22,153435.99,182458.2,0.75
2020-07-29,67.3,69.69,69.53,66.5,139389.97,2.03,3.01,68.75,70.281,72.622,154727.6,171532.28,187275.77,1.27
2020-07-28,67.93,68.22,67.5,66.78,125124.11,0.32,0.48,69.244,70.608,72.794,168954.98,183178.3,186564.3,1.14
2020-07-27,68.37,68.99,67.18,66.68,127298.97,-1.19,-1.74,70.342,71.097,73.022,165657.23,191883.14,186065.59,1.16
2020-07-24,71.1,71.5,68.37,68.0,193413.27,-2.8,-3.93,71.464,71.769,73.187,174609.59,210635.02,187723.51,1.77
2020-07-23,72.0,72.4,71.17,69.98,188411.67,-0.83,-1.15,72.09,72.487,73.312,173463.76,204769.42,182211.64,1.72
2020-07-22,73.5,73.87,72.0,71.76,210526.88,-0.99,-1.36,71.812,72.952,73.291,188336.97,203684.0,178288.74,1.93
2020-07-21,73.37,73.44,72.99,72.21,108635.35,0.2,0.28,71.972,73.244,73.243,197401.63,203545.5,172881.73,0.99
2020-07-20,71.5,73.06,72.79,70.45,172060.78,1.29,1.8,71.852,73.536,73.169,218109.05,214409.01,172689.34,1.57
2020-07-17,70.4,71.5,71.5,69.79,187684.12,1.72,2.46,72.074,73.97,73.053,246660.46,216591.3,168951.51,1.72
2020-07-16,72.86,73.97,69.78,69.78,262777.72,-3.02,-4.15,72.884,74.35,73.018,236075.09,211480.4,166591.18,2.4
2020-07-15,74.0,74.86,72.8,72.58,255850.16,0.41,0.57,74.092,74.962,73.138,219031.02,203019.25,157763.45,2.34
2020-07-14,73.8,74.4,72.39,72.24,212172.47,-1.51,-2.04,74.516,74.979,73.059,209689.37,189950.3,156468.84,1.94
2020-07-13,74.95,75.55,73.9,73.6,314817.81,-1.65,-2.18,75.22,74.947,73.189,210708.96,180248.04,153327.62,2.88
2020-07-10,75.78,76.96,75.55,74.82,134757.28,-0.27,-0.36,75.866,74.605,73.288,186522.14,164812.0,142368.53,1.23
2020-07-09,74.92,76.64,75.82,74.52,177557.38,0.9,1.2,75.816,74.136,73.296,186885.72,159653.85,140914.4,1.62
2020-07-08,75.41,75.95,74.92,74.39,209141.91,-0.99,-1.3,75.832,73.63,73.302,187007.48,152893.49,138460.75,1.91
2020-07-07,77.95,78.85,75.91,75.8,217270.42,-1.22,-1.58,75.442,73.241,73.271,170211.23,142217.95,134753.32,1.99
2020-07-06,75.24,78.0,77.13,74.52,193883.72,1.83,2.43,74.674,72.802,73.189,149787.11,130969.67,131097.57,1.77
2020-07-03,75.7,75.7,75.3,74.4,136575.16,-0.6,-0.79,73.344,72.136,72.939,143101.85,121311.72,128183.62,1.25
2020-07-02,72.48,75.91,75.9,72.48,178166.2,2.93,4.01,72.456,71.686,72.856,132421.98,121701.96,125301.32,1.63
2020-07-01,72.07,72.98,72.97,71.31,125160.66,0.9,1.25,71.428,71.314,72.766,118779.49,112507.65,122242.05,1.14
2020-06-30,70.8,72.11,72.07,70.7,115149.81,1.59,2.26,71.04,71.138,72.844,114224.68,122987.39,125832.35,1.05
2020-06-29,70.16,70.73,70.48,68.99,160457.41,-0.38,-0.54,70.93,71.431,72.86,112152.22,126407.2,129488.99,1.47
2020-06-24,71.0,71.39,70.86,70.68,83175.84,0.1,0.14,70.928,71.971,72.761,99521.59,119925.07,125143.4,0.76
2020-06-23,70.73,71.2,70.76,70.35,109953.73,-0.27,-0.38,70.916,72.456,72.637,110981.94,122174.95,124461.15,1.01
2020-06-22,71.2,71.52,71.03,70.27,102386.59,-0.49,-0.69,71.2,72.973,72.547,106235.8,124028.01,123928.5,0.94
2020-06-19,70.6,71.87,71.52,70.6,104787.55,1.05,1.49,71.236,73.3,72.318,131750.1,127288.7,121917.46,0.96
2020-06-18,70.77,71.43,70.47,70.16,97304.22,-0.33,-0.47,71.932,73.576,72.017,140662.17,131225.47,122299.87,0.89
2020-06-17,71.51,71.55,70.8,70.0,140477.61,-1.38,-1.91,73.014,73.742,71.863,140328.55,135055.52,121052.92,1.28
2020-06-16,71.82,72.56,72.18,71.71,86223.03,0.97,1.36,73.996,74.025,71.708,133367.96,128900.69,118518.35,0.79
2020-06-15,73.31,73.59,71.21,71.03,229958.08,-3.79,-5.05,74.746,74.217,71.558,141820.21,131976.46,120547.33,2.1
2020-06-12,74.21,75.0,75.0,72.65,149347.91,-0.88,-1.16,75.364,74.55,71.359,122827.29,128677.3,113611.62,1.37
2020-06-11,75.62,76.0,75.88,74.56,95636.14,0.17,0.23,75.22,74.289,70.889,121788.76,132570.79,112753.79,0.87
2020-06-10,76.02,77.22,75.71,75.34,105674.62,-0.22,-0.29,74.47,73.551,70.449,129782.49,130361.73,112273.9,0.97
2020-06-09,74.56,76.5,75.93,74.5,128484.32,1.63,2.19,74.054,72.818,70.109,124433.41,126747.35,110607.19,1.18
2020-06-08,75.66,75.88,74.3,73.46,134993.47,0.02,0.03,73.688,72.121,69.708,122132.71,123828.99,108084.86,1.23
2020-06-05,72.44,75.1,74.28,72.24,144155.27,2.15,2.98,73.736,71.336,69.423,134527.31,116546.22,106289.9,1.32
2020-06-04,73.2,73.37,72.13,71.3,135604.75,-1.5,-2.04,73.358,70.458,69.159,143352.82,113374.27,104147.74,1.24
2020-06-03,73.99,74.53,73.63,73.0,78929.26,-0.47,-0.63,72.632,69.983,68.972,130940.98,107050.32,103542.72,0.72
2020-06-02,74.45,75.0,74.1,72.71,116980.82,-0.44,-0.59,71.582,69.39,68.801,129061.28,108136.02,108832.38,1.07
2020-06-01,72.29,75.87,74.54,72.29,196966.47,2.15,2.97,70.554,68.898,68.631,125525.26,109118.21,109400.85,1.8
2020-05-29,68.78,72.4,72.39,68.46,188282.8,3.89,5.68,68.936,68.167,68.347,98565.12,98545.95,103480.84,1.72
2020-05-28,68.82,69.8,68.5,67.72,73545.54,0.12,0.17,67.558,67.488,68.253,83395.71,92936.79,99877.61,0.67
2020-05-27,69.5,69.88,68.38,68.22,69530.78,-0.58,-0.84,67.334,67.347,68.247,83159.66,94186.08,102750.6,0.64
2020-05-26,66.6,69.02,68.96,66.49,99300.72,2.51,3.78,67.198,67.4,68.353,87210.76,94467.03,103411.69,0.91
2020-05-25,65.5,66.5,66.45,64.74,62165.76,0.95,1.45,67.242,67.294,68.454,92711.15,92340.73,108319.39,0.57
2020-05-22,67.37,67.37,65.5,65.01,112435.75,-1.88,-2.79,67.398,67.509,68.496,98526.77,96033.59,109421.32,1.03
2020-05-21,68.27,68.74,67.38,66.86,72365.27,-0.32,-0.47,67.418,67.859,68.556,102477.88,94921.22,107832.48,0.66
2020-05-20,69.01,69.91,67.7,67.6,89786.29,-1.48,-2.14,67.36,67.961,68.585,105212.5,100035.13,108524.93,0.82
2020-05-19,68.1,70.19,69.18,68.1,126802.67,1.95,2.9,67.602,68.212,68.586,101723.31,109528.73,113435.65,1.16
2020-05-18,65.59,67.52,67.23,65.36,91243.88,1.63,2.48,67.346,68.364,68.388,91970.31,109683.5,110327.09,0.83
2020-05-15,67.09,67.1,65.6,65.48,132191.27,-1.49,-2.22,67.62,68.527,68.304,93540.4,108415.74,111133.12,1.21
2020-05-14,68.21,68.88,67.09,67.02,86038.38,-1.82,-2.64,68.3,69.017,68.329,87364.57,106818.43,108246.74,0.79
2020-05-13,67.9,68.95,68.91,67.38,72340.35,1.01,1.49,68.562,69.147,68.219,94857.76,111315.13,106740.88,0.66
2020-05-12,68.55,69.08,67.9,67.75,78037.67,-0.7,-1.02,68.822,69.306,68.053,117334.16,112356.34,107156.02,0.71
2020-05-11,68.9,69.62,68.6,68.21,99094.34,-0.4,-0.58,69.382,69.614,67.937,127396.68,124298.05,108459.62,0.91
2020-05-08,68.6,69.29,69.0,68.14,101312.09,0.6,0.88,69.434,69.482,67.704,123291.07,122809.06,107836.31,0.93
2020-05-07,69.88,69.99,68.4,68.08,123504.37,-1.81,-2.58,69.734,69.252,67.415,126272.29,120743.73,109266.59,1.13
2020-05-06,69.73,70.59,70.21,67.91,184722.31,-0.49,-0.69,69.732,69.208,67.165,127772.49,117014.72,107715.4,1.69
2020-04-30,70.05,71.94,70.7,70.05,128350.31,1.84,2.67,69.79,68.959,66.781,107378.53,117342.56,103405.29,1.17
2020-04-29,70.0,70.6,68.86,68.68,78566.28,-1.64,-2.33,69.846,68.411,66.329,121199.41,110970.69,103223.95,0.72
2020-04-28,68.5,70.5,70.5,68.24,116218.17,2.11,3.08,69.53,68.08,65.927,122327.04,113850.5,104541.58,1.06
2020-04-27,71.0,71.19,68.39,68.12,131005.4,-2.11,-2.99,68.77,67.64,65.386,115215.18,109675.06,106190.07,1.2
2020-04-24,70.98,71.26,70.5,70.0,82752.5,-0.48,-0.68,68.684,67.291,65.071,106256.94,102166.63,109076.91,0.76
2020-04-23,67.2,71.8,70.98,67.2,197454.69,3.7,5.5,68.128,66.799,64.746,127306.58,101955.7,110229.82,1.81
2020-04-22,66.28,67.28,67.28,65.0,84204.44,0.58,0.87,66.976,66.26,64.433,100741.96,92621.2,106638.32,0.77
2020-04-21,67.55,67.78,66.7,65.71,80658.87,-1.26,-1.85,66.63,65.926,64.178,105373.96,92863.57,110211.02,0.74
2020-04-20,67.73,68.03,67.96,67.1,86214.22,0.24,0.35,66.51,65.577,63.808,104134.93,97789.45,118206.51,0.79
2020-04-17,66.49,68.12,67.72,66.24,188000.7,2.5,3.83,65.898,65.121,63.553,98076.31,98416.08,122809.18,1.72
2020-04-16,65.13,65.39,65.22,64.6,64631.59,-0.33,-0.5,65.47,64.603,63.217,76604.81,89468.03,124059.2,0.59
2020-04-15,66.24,66.38,65.55,64.78,107364.4,-0.55,-0.83,65.544,64.247,63.121,84500.44,95477.22,129052.78,0.98
2020-04-14,65.32,66.16,66.1,64.71,74463.76,1.2,1.85,65.222,63.773,63.043,80353.18,95232.66,133915.12,0.68
2020-04-13,64.95,65.5,64.9,64.08,55921.09,-0.68,-1.04,64.644,63.132,63.048,91443.97,102705.09,139852.08,0.51
2020-04-10,65.52,66.9,65.58,64.71,80643.21,-0.01,-0.01,64.344,62.851,63.249,98755.85,115987.19,145887.41,0.74
2020-04-09,64.19,66.1,65.59,64.19,104109.73,1.65,2.58,63.736,62.693,63.452,102331.25,118503.95,148030.44,0.95
2020-04-08,62.95,64.48,63.94,62.72,86628.11,0.73,1.16,62.95,62.606,63.677,106454.0,120655.44,146441.48,0.79
2020-04-07,63.93,64.81,63.21,63.01,129917.73,-0.19,-0.3,62.324,62.429,64.03,110112.14,127558.47,147447.51,1.19
2020-04-03,62.6,63.96,63.4,62.6,92480.45,0.86,1.38,61.62,62.039,64.39,113966.2,138623.57,149504.98,0.85
2020-04-02,61.8,62.93,62.54,61.0,98520.21,0.88,1.43,61.358,61.984,64.81,133218.53,147202.27,150924.95,0.9
2020-04-01,61.35,63.46,61.66,60.81,124723.51,0.85,1.4,61.65,61.83,65.333,134676.66,158650.37,155439.06,1.14
2020-03-31,60.8,61.5,60.81,60.0,104918.78,1.12,1.88,62.262,61.994,65.835,134856.89,162628.35,160299.49,0.96
2020-03-30,60.45,60.7,59.69,59.01,149188.05,-2.4,-3.87,62.534,62.313,66.229,145004.81,172597.58,162350.48,1.36
2020-03-27,63.97,64.49,62.09,61.51,188742.09,-1.91,-2.98,62.458,62.964,66.685,163280.94,176999.07,164693.09,1.73
2020-03-26,64.0,65.17,64.0,63.6,105810.86,-0.72,-1.11,62.61,63.647,66.866,161186.02,175787.63,166458.38,0.97
2020-03-25,63.96,65.01,64.72,63.58,125624.65,2.55,4.1,62.01,64.211,67.046,182624.09,177556.93,170423.96,1.15
2020-03-24,60.8,62.85,62.17,60.01,155658.38,2.86,4.82,61.726,64.748,67.188,190399.8,172227.51,172680.05,1.42
2020-03-23,60.99,60.99,59.31,58.0,240568.73,-3.54,-5.63,62.092,65.631,67.51,200190.36,167336.56,175158.6,2.2
2020-03-20,61.88,62.85,62.85,60.5,178267.48,1.85,3.03,63.47,66.741,68.038,190717.21,160386.38,177963.06,1.63
2020-03-19,62.8,63.6,61.0,59.7,213001.2,-2.3,-3.63,64.684,67.636,68.53,190389.25,154647.63,175478.45,1.95
2020-03-18,64.0,65.99,63.3,63.12,164503.23,-0.7,-1.09,66.412,68.836,69.17,172489.76,152227.74,173132.18,1.5
2020-03-17,65.01,66.5,64.0,63.4,204611.17,-2.2,-3.32,67.77,69.675,69.609,154055.22,157970.63,170675.01,1.87
2020-03-16,68.3,68.85,66.2,65.81,193202.95,-2.72,-3.95,69.17,70.145,69.958,134482.75,152103.37,166903.08,1.77
2020-03-13,66.7,69.28,68.92,66.66,176627.69,-0.72,-1.03,70.012,70.405,70.227,130055.56,152387.1,165617.77,1.62
2020-03-12,69.3,70.29,69.64,68.18,123503.77,-0.45,-0.64,70.588,70.084,70.381,118906.02,157129.12,161372.16,1.13
2020-03-11,71.4,71.52,70.09,70.01,72330.53,-0.91,-1.28,71.26,69.88,70.519,131965.72,163290.99,162033.21,0.66
2020-03-10,70.24,71.71,71.0,69.46,106748.8,0.59,0.84,71.58,69.628,70.633,161886.03,173132.58,164984.71,0.98
2020-03-09,70.15,71.7,70.41,68.8,171067.02,-1.39,-1.94,71.12,69.388,70.694,169723.99,182980.65,164690.77,1.56
2020-03-06,72.0,73.13,71.8,71.8,120879.98,-1.2,-1.64,70.798,69.335,70.71,174718.64,195539.74,162569.74,1.11
2020-03-05,71.02,73.68,73.0,70.98,188802.28,1.31,1.83,69.58,69.424,70.705,195352.23,196309.26,162531.48,1.73
2020-03-04,69.0,72.15,71.69,68.46,221932.06,2.99,4.35,68.5,69.504,70.636,194616.26,194036.62,162216.17,2.03
2020-03-03,69.56,70.54,68.7,68.33,145938.59,-0.1,-0.14,67.676,69.543,70.567,184379.13,183379.4,162884.78,1.33
2020-03-02,65.9,69.61,68.8,65.9,196040.31,3.09,4.7,67.656,69.771,70.542,196237.31,181702.8,173567.67,1.79
2020-02-28,64.32,67.59,65.71,64.32,224047.89,-1.89,-2.8,67.872,70.048,70.292,216360.84,178848.45,189810.61,2.05
2020-02-27,68.0,68.88,67.6,67.28,185122.47,0.03,0.04,69.268,70.677,70.455,197266.29,165615.19,189461.57,1.69
2020-02-26,67.88,68.32,67.57,67.0,170746.41,-1.03,-1.5,70.508,71.157,70.623,193456.98,160775.42,189619.95,1.56
2020-02-25,68.17,69.01,68.6,67.87,205229.45,-1.28,-1.83,71.41,71.638,70.765,182379.66,156836.83,193380.91,1.88
2020-02-24,71.0,71.18,69.88,68.9,296657.97,-2.81,-3.87,71.886,72.0,70.932,167168.3,146400.89,196013.91,2.71
2020-02-21,73.93,73.97,72.69,72.3,128575.16,-1.11,-1.5,72.224,72.084,71.101,141336.05,129599.75,186723.07,1.18
2020-02-20,72.05,74.22,73.8,72.0,166075.89,1.72,2.39,72.086,71.986,71.141,133964.08,128753.71,184107.61,1.52
2020-02-19,71.15,72.48,72.08,70.59,115359.83,1.1,1.55,71.806,71.768,71.126,128093.86,130395.71,184563.1,1.05
2020-02-18,71.4,72.12,70.98,70.65,129172.64,-0.59,-0.82,71.866,71.59,71.25,131294.0,142390.16,187162.88,1.18
2020-02-17,72.13,72.16,71.57,70.55,167496.75,-0.43,-0.6,72.114,71.312,71.499,125633.49,165432.53,185116.04,1.53
2020-02-14,72.08,72.38,72.0,71.51,91715.31,-0.4,-0.55,71.944,70.535,71.716,117863.44,200772.77,183415.53,0.84
2020-02-13,72.7,73.85,72.4,71.72,136724.77,0.02,0.03,71.886,70.233,71.894,123543.33,213307.96,184338.83,1.25
2020-02-12,72.0,73.49,72.38,71.66,131360.53,0.16,0.22,71.73,70.089,72.027,132697.56,218464.49,182135.57,1.2
2020-02-11,70.91,72.43,72.22,70.85,100870.09,1.5,2.12,71.314,69.891,72.171,153486.31,229925.0,182740.58,0.92
2020-02-10,71.0,71.2,70.72,69.2,128646.49,-0.99,-1.38,70.51,69.864,72.34,205231.57,245626.93,186426.5,1.18
2020-02-07,71.15,71.99,71.71,70.68,120114.75,0.09,0.13,69.126,70.118,72.669,283682.11,243846.39,184579.98,1.1
2020-02-06,71.12,71.7,71.62,70.4,182495.95,1.32,1.88,68.58,70.296,72.951,303072.59,239461.52,186487.52,1.67
2020-02-05,68.8,71.17,70.3,68.39,235304.27,2.1,3.08,68.448,70.484,73.308,304231.42,238730.5,180917.44,2.15
2020-02-04,65.0,69.29,68.2,64.66,359596.38,4.4,6.9,68.468,70.91,73.686,306363.68,231935.61,172936.78,3.29
2020-02-03,62.08,65.48,63.8,62.08,520899.19,-5.18,-7.51,69.218,71.685,74.139,286022.3,204799.55,158111.41,4.76
2020-01-23,70.09,70.33,68.98,68.49,217067.16,-1.98,-2.79,71.11,72.897,74.841,204010.67,166058.28,133751.11,1.99
2020-01-22,69.72,71.6,70.96,69.7,188290.09,0.56,0.8,72.012,73.555,75.27,175850.45,155369.71,124464.82,1.72
2020-01-21,71.02,71.1,70.4,69.69,245965.58,-1.55,-2.15,72.52,73.965,75.612,173229.58,145806.66,117081.16,2.25
2020-01-20,72.88,73.2,71.95,71.25,257889.48,-1.31,-1.79,73.352,74.45,76.01,157507.54,135556.16,107737.17,2.36
2020-01-17,73.79,73.98,73.26,73.02,110841.05,-0.23,-0.31,74.152,74.815,76.368,123576.8,127226.06,97915.93,1.01
2020-01-16,73.68,73.99,73.49,73.27,76266.03,-0.01,-0.01,74.684,75.219,76.62,128105.89,125313.56,95196.78,0.7
2020-01-15,74.57,74.57,73.5,73.22,175185.75,-1.06,-1.42,75.098,75.606,76.867,134888.97,133513.52,94845.42,1.6
2020-01-14,76.01,76.28,74.56,74.46,167355.38,-1.39,-1.83,75.41,76.131,77.132,118383.74,123104.37,89136.75,1.53
2020-01-13,75.99,76.35,75.95,75.64,88235.77,0.03,0.04,75.548,76.461,77.333,113604.78,113937.95,86038.94,0.81
2020-01-10,75.56,75.99,75.92,74.8,133486.53,0.36,0.48,75.478,76.592,77.487,130875.32,111423.28,88696.44,1.22
2020-01-09,75.59,76.06,75.56,75.37,110181.43,0.5,0.67,75.754,76.784,77.602,122521.23,101443.94,85105.45,1.01
2020-01-08,75.0,75.59,75.06,74.63,92659.57,-0.19,-0.25,76.114,76.985,77.746,132138.07,93559.94,82235.47,0.85
2020-01-07,75.4,75.4,75.25,74.82,143460.62,-0.35,-0.46,76.852,77.259,77.928,127825.01,88355.66,81256.39,1.31
2020-01-06,76.9,76.9,75.6,75.04,174588.47,-1.7,-2.2,77.374,77.569,78.038,114271.11,79918.17,77016.3,1.6
2020-01-03,77.5,77.65,77.3,76.94,91716.07,-0.06,-0.08,77.706,77.92,78.146,91971.23,68605.79,73155.7,0.84
2020-01-02,78.78,78.91,77.36,77.1,158265.62,-1.39,-1.76,77.814,78.02,78.113,80366.65,65079.99,72824.39,1.45
2019-12-31,77.87,78.91,78.75,77.3,71094.28,0.89,1.14,77.856,78.127,78.004,54981.8,56177.33,66931.17,0.65
2019-12-30,77.3,78.08,77.86,76.02,75691.11,0.6,0.78,77.666,78.132,77.839,48886.31,55169.12,65506.74,0.69
2019-12-27,77.59,78.25,77.26,77.1,63089.07,-0.58,-0.74,77.764,78.205,77.741,45565.23,58139.93,64923.39,0.58
2019-12-26,77.55,78.09,77.84,77.47,33693.18,0.27,0.35,78.134,78.382,77.635,45240.35,65969.6,65484.0,0.31
2019-12-25,77.68,78.45,77.57,77.41,31341.37,-0.23,-0.3,78.226,78.42,77.562,49793.33,68766.95,66447.37,0.29
2019-12-24,78.12,78.2,77.8,77.05,40616.82,-0.55,-0.7,78.398,78.506,77.48,57372.85,70911.01,67884.3,0.37
2019-12-23,79.0,79.83,78.35,77.94,59085.73,-0.76,-0.96,78.598,78.596,77.405,61451.94,74157.12,70149.69,0.54
2019-12-20,78.3,79.51,79.11,78.1,61464.65,0.81,1.03,78.646,78.507,77.239,70714.63,74114.44,70275.71,0.56
2019-12-19,78.5,78.59,78.3,77.65,56458.06,-0.13,-0.17,78.63,78.371,77.022,86698.86,77705.6,71094.61,0.52
2019-12-18,78.8,79.26,78.43,77.7,69239.0,-0.37,-0.47,78.614,78.206,76.907,87740.58,80568.8,70495.13,0.63
2019-12-17,79.0,79.38,78.8,78.13,61012.25,0.21,0.27,78.614,77.88,76.804,84449.16,77685.02,69873.97,0.56
2019-12-16,79.95,80.8,78.59,77.88,105399.17,-0.44,-0.56,78.594,77.546,76.669,86862.29,75844.36,69888.78,0.96
2019-12-13,78.9,80.5,79.03,78.9,141385.8,0.81,1.04,78.368,77.277,76.54,77514.25,71706.85,67253.4,1.29
2019-12-12,78.43,78.7,78.22,77.72,61666.67,-0.21,-0.27,78.112,76.887,76.358,68712.35,64998.4,62684.36,0.56
2019-12-11,78.55,78.97,78.43,77.65,52781.9,-0.27,-0.34,77.798,76.703,76.244,73397.02,64127.8,62886.62,0.48
2019-12-10,77.25,79.0,78.7,77.0,73077.93,1.24,1.6,77.146,76.454,76.144,70920.88,64857.6,63953.18,0.67
2019-12-09,77.82,78.31,77.46,77.31,58658.94,-0.29,-0.37,76.498,76.214,76.082,64826.42,66142.26,63817.49,0.54
2019-12-06,76.99,78.42,77.75,76.65,97376.29,1.1,1.44,76.186,75.971,76.099,65899.46,66436.99,64149.67,0.89
2019-12-05,75.65,77.23,76.65,75.02,85090.04,1.48,1.97,75.662,75.673,76.105,61284.46,64483.61,62612.43,0.78
2019-12-04,74.9,75.4,75.17,74.45,40401.22,-0.29,-0.38,75.608,75.608,76.182,54858.57,60421.46,61451.77,0.37
2019-12-03,75.9,75.9,75.46,74.9,42605.63,-0.44,-0.58,75.762,75.728,76.351,58794.31,62062.93,62388.04,0.39
2019-12-02,74.62,76.19,75.9,74.62,64024.12,0.77,1.02,75.93,75.792,76.517,67458.1,63933.21,65738.58,0.59
2019-11-29,76.39,76.87,75.13,74.08,74301.3,-1.25,-1.64,75.756,75.802,76.606,66974.52,62799.94,69603.0,0.68
2019-11-28,75.95,77.49,76.38,75.95,52960.6,0.44,0.58,75.684,75.829,76.663,67682.76,60370.32,72254.27,0.48
2019-11-27,76.31,76.85,75.94,75.73,60079.9,-0.36,-0.47,75.608,75.784,76.656,65984.34,61645.44,74557.23,0.55
2019-11-26,75.64,76.6,76.3,75.02,85924.57,1.27,1.69,75.694,75.833,76.743,65331.55,63048.76,83008.54,0.79
2019-11-25,74.3,75.45,75.03,73.51,61606.25,0.26,0.35,75.654,75.949,76.6,60408.31,61492.72,87481.09,0.56
2019-11-22,76.16,76.3,74.77,74.0,77842.5,-1.23,-1.62,75.848,76.226,76.621,58625.36,61862.34,89361.81,0.71
2019-11-21,76.24,76.89,76.0,75.38,44468.46,-0.37,-0.48,75.974,76.536,76.666,53057.87,60741.25,91188.01,0.41
2019-11-20,76.1,77.15,76.37,76.1,56815.95,0.27,0.35,75.96,76.755,76.612,57306.54,62482.08,96204.72,0.52
2019-11-19,75.9,76.38,76.1,75.57,61308.4,0.1,0.13,75.972,76.973,76.643,60765.96,62713.15,97595.54,0.56
2019-11-18,75.6,76.4,76.0,74.81,52691.51,0.6,0.8,76.244,77.241,76.695,62577.13,67543.95,98522.7,0.48
2019-11-15,75.93,76.57,75.4,75.05,50005.03,-0.53,-0.7,76.604,77.41,76.777,65099.31,76406.05,101832.24,0.46
2019-11-14,76.77,76.99,75.93,75.37,65711.83,-0.5,-0.65,77.098,77.496,76.973,68424.63,84138.22,106438.65,0.6
2019-11-13,77.56,77.6,76.43,76.01,74113.05,-1.03,-1.33,77.55,77.528,77.198,67657.62,87469.01,111452.31,0.68
2019-11-12,77.96,78.36,77.46,75.88,70364.24,-0.34,-0.44,77.974,77.653,77.289,64660.34,102968.33,112214.6,0.64
2019-11-11,77.67,78.41,77.8,77.17,65302.42,-0.07,-0.09,78.238,77.25,77.33,72510.76,113469.45,114393.37,0.6
2019-11-08,78.66,78.9,77.87,77.6,66631.59,-0.32,-0.41,78.216,77.015,77.401,87712.78,116861.27,118783.88,0.61
2019-11-07,78.46,78.72,78.19,77.92,61876.79,-0.36,-0.46,77.894,76.796,77.521,99851.81,121634.77,119830.47,0.57
2019-11-06,79.27,79.34,78.55,78.01,59126.64,-0.23,-0.29,77.506,76.468,77.635,107280.41,129927.36,123412.69,0.54
2019-11-05,78.18,79.2,78.78,77.7,109616.37,1.09,1.4,77.332,76.313,77.614,141276.32,132477.93,126623.97,1.0
2019-11-04,76.6,78.49,77.69,75.3,141312.53,1.43,1.88,76.262,76.149,77.564,154428.14,129501.45,129441.89,1.29
2019-11-01,76.24,76.89,76.26,74.86,127326.7,0.01,0.01,75.814,76.144,77.669,146009.76,127258.44,125391.79,1.16
2019-10-31,77.2,77.49,76.25,75.89,99019.81,-1.43,-1.84,75.698,76.449,77.852,143417.73,128739.09,122058.63,0.91
2019-10-30,74.67,77.97,77.68,74.45,229106.2,4.25,5.79,75.43,76.867,78.057,152574.32,135435.61,120483.06,2.1
2019-10-29,75.45,75.5,73.43,72.5,175375.44,-2.02,-2.68,75.294,76.924,78.207,123679.54,121460.87,115676.0,1.6
2019-10-28,75.7,76.35,75.45,74.82,99220.67,-0.23,-0.3,76.036,77.409,78.53,104574.75,115317.28,112061.35,0.91
2019-10-25,75.21,75.92,75.68,73.98,114366.51,0.77,1.03,76.474,77.787,78.79,108507.12,120706.48,112366.11,1.05
2019-10-24,76.98,77.04,74.91,74.7,144802.77,-2.09,-2.71,77.2,78.245,79.069,114060.45,118026.17,114389.8,1.32
2019-10-23,77.14,77.52,77.0,76.45,84632.3,-0.14,-0.18,78.304,78.802,79.42,118296.9,116898.01,112260.12,0.77
2019-10-22,77.96,77.98,77.14,76.8,79851.52,-0.5,-0.64,78.554,78.915,79.708,119242.2,120770.0,113562.3,0.73
2019-10-21,79.0,79.2,77.64,77.1,118882.48,-1.67,-2.11,78.782,78.979,79.953,126059.81,129382.33,113624.13,1.09
2019-10-18,80.21,80.95,79.31,79.03,142133.16,-1.12,-1.39,79.1,79.193,80.211,132905.85,123525.14,110695.41,1.3
2019-10-17,78.8,80.85,80.43,78.3,165985.06,2.18,2.79,79.29,79.255,80.404,121991.89,115378.18,106684.24,1.52
2019-10-16,78.0,78.8,78.25,77.72,89358.77,-0.03,-0.04,79.3,79.247,80.492,115499.12,105530.5,105616.81,0.82
2019-10-15,78.9,79.1,78.28,76.9,113939.59,-0.95,-1.2,79.276,79.49,80.8,122297.81,109891.13,103618.75,1.04
2019-10-14,80.99,81.39,79.23,78.96,153112.66,-1.03,-1.28,79.176,79.651,81.137,132704.85,108805.43,103102.43,1.4
2019-10-11,80.54,81.25,80.26,80.12,87563.37,-0.22,-0.27,79.286,79.793,81.475,114144.44,104025.74,99549.89,0.8
2019-10-10,78.88,80.8,80.48,78.47,133521.23,2.35,3.01,79.22,79.893,81.682,108764.47,110753.44,101604.16,1.22
2019-10-09,77.99,78.75,78.13,77.01,123352.18,0.35,0.45,79.194,80.037,81.856,95561.88,107622.22,98866.72,1.13
2019-10-08,79.61,79.61,77.78,77.18,165974.8,-2.0,-2.51,79.704,80.501,82.148,97484.45,106354.59,98013.63,1.52
2019-09-30,80.0,80.95,79.78,79.1,60310.62,-0.15,-0.19,80.126,80.927,82.522,84906.0,97865.93,93418.59,0.55
2019-09-27,80.35,80.8,79.93,78.98,60663.5,-0.42,-0.52,80.3,81.229,82.736,93907.04,97865.68,95375.15,0.55
2019-09-26,81.4,81.68,80.35,80.18,67508.31,-0.33,-0.41,80.566,81.552,82.967,112742.42,97990.29,96227.97,0.62
2019-09-25,80.0,81.83,80.68,79.58,132965.02,0.79,0.99,80.88,81.737,83.23,119682.55,105703.13,98569.06,1.22
2019-09-24,80.7,80.7,79.89,79.68,103082.57,-0.76,-0.94,81.298,82.109,83.571,115224.73,97346.37,95267.45,0.94
2019-09-23,81.5,81.57,80.65,79.28,105315.79,-0.61,-0.75,81.728,82.622,83.919,110825.86,97399.44,92658.47,0.96
2019-09-20,82.2,83.15,81.26,81.26,154840.39,-0.66,-0.81,82.158,83.157,84.246,101824.32,95074.05,90612.35,1.42
2019-09-19,83.32,83.42,81.92,81.55,102209.0,-0.85,-1.03,82.538,83.471,84.47,83238.17,92454.88,86123.79,0.93
2019-09-18,82.1,83.26,82.77,82.1,110675.9,0.73,0.89,82.594,83.674,84.624,91723.7,90111.22,83577.25,1.01
2019-09-17,82.7,83.27,82.04,81.3,81088.21,-0.76,-0.92,82.92,83.795,84.684,79468.02,89672.67,81049.16,0.74
2019-09-16,83.61,83.61,82.8,82.53,60308.1,-0.36,-0.43,83.516,84.117,84.825,83973.02,88971.26,80903.67,0.55
2019-09-12,82.0,83.39,83.16,82.0,61909.64,0.96,1.17,84.156,84.242,84.927,88323.78,92884.62,82370.16,0.57
2019-09-11,84.51,84.6,82.2,82.0,144636.64,-2.2,-2.61,84.404,84.382,84.872,101671.59,94465.65,82039.01,1.32
2019-09-10,84.75,84.75,84.4,84.02,49397.49,-0.62,-0.73,84.754,84.723,84.837,88498.73,91435.0,77770.14,0.45
2019-09-09,86.5,86.81,85.02,84.62,103613.22,-0.98,-1.14,84.67,85.033,84.656,99877.33,93188.53,77807.47,0.95
2019-09-06,84.88,86.0,86.0,84.5,82061.9,1.6,1.9,84.718,85.215,84.474,93969.49,87917.5,75130.09,0.75
2019-09-05,84.9,86.22,84.4,84.21,128648.68,0.45,0.54,84.328,85.334,84.181,97445.47,86150.64,73465.16,1.18
2019-09-04,83.85,84.13,83.95,83.0,78772.37,-0.03,-0.04,84.36,85.469,83.999,87259.72,79792.71,71149.08,0.72
2019-09-03,84.9,85.31,83.98,83.35,106290.46,-1.28,-1.5,84.692,85.574,83.752,94371.27,77043.29,70222.74,0.97
2019-09-02,84.4,85.32,85.26,84.0,74074.06,1.21,1.44,85.396,85.572,83.5,86499.73,72425.64,71021.57,0.68
2019-08-30,85.0,85.67,84.05,83.73,99441.76,-0.51,-0.6,85.712,85.532,83.205,81865.51,72836.08,72031.82,0.91
2019-08-29,85.42,85.6,84.56,83.9,77719.95,-1.05,-1.23,86.34,85.611,83.098,74855.82,71855.7,69860.14,0.71
2019-08-28,87.46,87.46,85.61,84.48,114330.12,-1.89,-2.16,86.578,85.362,82.97,72325.69,69612.38,69603.33,1.05
2019-08-27,87.68,88.9,87.5,87.5,66932.75,0.66,0.76,86.456,84.951,82.829,59715.3,64105.28,67718.66,0.61
2019-08-26,86.08,87.44,86.84,85.69,50902.97,-0.35,-0.4,85.748,84.279,82.667,58351.56,62426.42,67487.67,0.47
2019-08-23,85.81,87.8,87.19,85.6,64393.29,1.44,1.68,85.352,83.732,82.574,63806.66,62342.68,67233.03,0.59
2019-08-22,84.44,86.68,85.75,83.68,65069.32,1.41,1.67,84.882,83.028,82.467,68855.58,60779.68,67059.82,0.6
2019-08-21,84.0,85.01,85.0,82.91,51278.17,1.04,1.24,84.146,82.528,82.379,66899.06,62505.46,67641.56,0.47
2019-08-20,85.85,86.0,83.96,83.5,60114.03,-0.9,-1.06,83.446,81.929,82.214,68495.26,63402.2,67772.08,0.55
2019-08-19,85.51,86.27,84.86,83.71,78178.48,0.02,0.02,82.81,81.428,82.115,66501.28,69617.5,68145.86,0.71
2019-08-16,82.4,85.26,84.84,82.32,89637.9,2.77,3.38,82.112,80.878,81.975,60878.71,71227.55,66944.26,0.82
2019-08-15,80.19,82.49,82.07,79.55,55286.72,0.57,0.7,81.174,80.584,81.808,52703.79,67864.59,65203.33,0.51
2019-08-14,81.37,82.27,81.5,81.18,59259.17,0.72,0.89,80.91,80.578,81.755,58111.86,69594.28,65445.45,0.54
2019-08-13,81.0,81.5,80.78,80.38,50144.13,-0.59,-0.72,80.412,80.706,81.707,58309.15,71332.04,66294.98,0.46
2019-08-12,80.0,81.38,81.37,80.0,50065.62,1.22,1.52,80.046,81.054,81.648,72733.72,72548.91,69842.94,0.46
2019-08-09,81.47,81.59,80.15,79.9,48763.29,-0.6,-0.74,79.644,81.415,81.629,81576.39,72123.37,70382.02,0.45
2019-08-08,79.39,81.88,80.75,79.39,82327.09,1.74,2.2,79.994,81.905,81.718,83025.39,73339.95,71446.94,0.75
2019-08-07,79.65,80.6,79.01,79.01,60245.61,0.06,0.08,80.246,82.23,81.69,81076.7,72777.66,70360.33,0.55
2019-08-06,77.18,79.7,78.95,76.36,122266.99,-0.41,-0.52,81.0,82.498,81.809,84354.94,72141.96,71387.84,1.12
2019-08-05,81.45,82.28,79.36,79.3,94278.97,-2.54,-3.1,82.062,82.801,81.881,72364.11,66674.22,69430.53,0.86
2019-08-02,80.7,82.48,81.9,80.32,56008.29,-0.11,-0.13,83.186,83.071,81.903,62670.35,62660.97,69558.03,0.51
2019-08-01,82.78,83.46,82.01,81.6,72583.66,-0.77,-0.93,83.816,83.032,81.878,63654.51,62542.07,74582.36,0.66
2019-07-31,83.84,84.2,82.78,82.35,76636.78,-1.48,-1.76,84.214,82.932,81.765,64478.61,61296.61,82887.74,0.7
2019-07-30,84.98,85.48,84.26,84.08,62312.84,-0.72,-0.85,83.996,82.707,81.769,59928.98,61257.92,83620.36,0.57
2019-07-29,85.05,85.68,84.98,84.41,45810.2,-0.07,-0.08,83.54,82.241,81.777,60984.34,67136.96,86822.16,0.42
2019-07-26,84.1,85.56,85.05,83.51,60929.05,1.05,1.25,82.956,81.843,81.853,62651.59,68640.67,89168.86,0.56
2019-07-25,81.5,84.08,84.0,81.28,76704.16,2.31,2.83,82.248,81.531,81.79,61429.64,69553.94,89124.54,0.7
2019-07-24,81.88,82.46,81.69,81.32,53888.67,-0.29,-0.35,81.65,81.149,81.653,58114.62,67943.01,89157.16,0.49
2019-07-23,82.0,82.95,81.98,81.06,67589.61,-0.08,-0.1,81.418,81.12,81.529,62586.85,70633.73,89722.48,0.62
2019-07-22,81.64,82.55,82.06,80.5,54146.44,0.55,0.68,80.942,80.961,81.354,73289.58,72186.85,90024.58,0.5
2019-07-19,81.79,82.82,81.51,81.3,54819.3,0.5,0.62,80.73,80.734,81.208,74629.75,76455.09,91307.49,0.5
2019-07-18,80.54,81.97,81.01,80.2,60129.08,0.48,0.6,80.814,80.723,81.045,77678.24,86622.65,92612.1,0.55
2019-07-17,79.59,80.98,80.53,79.0,76249.81,0.93,1.17,80.648,80.597,80.934,77771.4,104478.86,94665.43,0.7
2019-07-16,80.85,81.18,79.6,78.9,121103.25,-1.4,-1.73,80.822,80.83,80.735,78680.61,105982.81,94263.02,1.11
2019-07-15,81.52,81.6,81.0,80.5,60847.31,-0.93,-1.14,80.98,81.313,80.524,71084.11,106507.37,91441.72,0.56
2019-07-12,80.44,82.2,81.93,80.44,70061.73,1.75,2.18,80.738,81.863,80.216,78280.42,109697.05,91314.85,0.64
2019-07-11,81.78,81.95,80.18,80.06,60594.91,-1.22,-1.5,80.632,82.048,79.777,95567.07,108695.14,91006.09,0.55
2019-07-10,80.55,81.9,81.4,80.1,80795.84,1.01,1.26,80.546,82.157,79.465,131186.32,110371.32,90961.23,0.74
2019-07-09,79.62,81.11,80.39,79.52,83120.78,0.6,0.75,80.838,81.937,79.101,133285.01,108811.23,90277.63,0.76
2019-07-08,80.73,81.0,79.79,79.0,96828.85,-1.61,-1.98,81.646,81.747,78.868,141930.62,107862.32,90535.42,0.89
2019-07-05,80.0,82.1,81.4,79.45,156494.97,1.65,2.07,82.988,81.682,78.558,141113.68,106159.89,90493.96,1.43
2019-07-04,82.58,82.58,79.75,79.2,238691.16,-3.11,-3.75,83.464,81.366,77.978,121823.21,98601.55,85721.19,2.18
2019-07-03,84.26,84.6,82.86,82.52,91289.27,-1.57,-1.86,83.768,81.271,77.466,89556.31,84852.0,76211.35,0.83
2019-07-02,86.48,86.5,84.43,84.11,126348.84,-2.07,-2.39,83.036,80.64,76.823,84337.44,82543.23,74495.91,1.16
2019-07-01,84.26,87.98,86.5,84.26,92744.14,2.72,3.25,81.848,79.734,76.084,73794.01,76376.08,71921.21,0.85
2019-06-28,81.19,83.8,83.78,80.62,60042.62,2.51,3.09,80.376,78.568,75.216,71206.1,72932.66,69604.23,0.55
2019-06-27,79.0,81.34,81.27,78.45,77356.68,2.07,2.61,79.268,77.506,74.505,75379.9,73317.05,69542.76,0.71
2019-06-26,78.4,79.58,79.2,77.83,65194.94,0.71,0.91,78.774,76.772,73.885,80147.68,71551.14,69004.25,0.6
2019-06-25,78.88,78.89,78.49,77.56,73631.68,-0.65,-0.82,78.244,76.265,73.43,80749.01,71744.03,70658.04,0.67
2019-06-24,77.92,79.38,79.14,77.53,79804.56,0.9,1.15,77.62,75.988,72.91,78958.15,73208.52,71304.17,0.73
2019-06-21,78.6,79.4,78.24,77.7,80911.64,-0.56,-0.71,76.76,75.434,72.355,74659.22,74828.04,71313.51,0.74
2019-06-20,76.58,80.11,78.8,76.03,101195.59,2.25,2.94,75.744,74.59,71.888,71254.2,72840.82,70100.44,0.93
2019-06-19,76.56,77.0,76.55,75.57,68201.57,1.18,1.57,74.77,73.66,71.448,62954.6,67570.7,68545.12,0.62
2019-06-18,74.74,76.46,75.37,74.2,64677.4,0.53,0.71,74.286,73.006,71.097,62739.05,66448.6,69037.98,0.59
2019-06-17,73.43,75.11,74.84,73.43,58309.89,1.68,2.3,74.356,72.434,70.782,67458.88,67466.34,71926.59,0.53
2019-06-14,73.93,75.39,73.16,72.9,63886.53,-0.77,-1.04,74.108,71.864,70.603,74996.86,66275.79,75471.2,0.58
2019-06-13,73.99,74.48,73.93,72.65,59697.59,-0.2,-0.27,73.436,71.504,70.621,74427.45,65768.47,77593.21,0.55
2019-06-12,75.38,75.95,74.13,73.95,67123.86,-1.59,-2.1,72.55,70.997,70.452,72186.8,66457.36,78707.04,0.61
2019-06-11,73.87,77.28,75.72,73.02,88276.55,2.12,2.88,71.726,70.594,70.171,70158.14,69572.05,79734.36,0.81
2019-06-10,70.2,74.22,73.6,69.98,95999.79,3.8,5.44,70.512,69.832,69.908,67473.79,69399.82,79248.95,0.88
2019-06-06,69.72,70.95,69.8,69.23,61039.44,0.3,0.43,69.62,69.275,69.858,57554.72,67798.98,78544.9,0.56
2019-06-05,70.61,70.9,69.5,69.48,48494.37,-0.51,-0.73,69.572,69.185,69.745,57109.49,67360.05,80101.55,0.44
2019-06-04,69.76,70.65,70.01,68.64,56980.55,0.36,0.52,69.444,69.236,69.718,60727.92,69519.53,82454.14,0.52
2019-06-03,69.7,71.3,69.65,69.56,74854.81,0.51,0.74,69.462,69.188,69.787,68985.96,71627.37,84906.73,0.68
2019-05-31,70.0,70.08,69.14,69.0,46404.44,-0.42,-0.6,69.152,69.129,69.649,71325.84,76386.84,86753.45,0.42
2019-05-30,68.3,69.78,69.56,68.0,58813.3,0.7,1.02,68.93,69.341,69.724,78043.23,84666.6,87838.33,0.54
2019-05-29,69.2,69.8,68.86,68.16,66586.51,-1.24,-1.77,68.798,69.737,69.771,77610.6,89417.96,91692.45,0.61
2019-05-28,68.28,70.68,70.1,68.0,98270.75,2.0,2.94,69.028,69.907,69.632,78311.14,90956.73,93428.12,0.9
2019-05-27,67.97,68.76,68.1,66.56,86554.2,0.07,0.1,68.914,69.747,69.549,74268.77,89896.68,92398.52,0.79
2019-05-24,68.62,69.6,68.03,67.82,79991.4,-0.87,-1.26,69.106,69.983,69.539,81447.84,89098.08,93157.74,0.73
2019-05-23,69.51,70.35,68.9,68.61,56650.16,-1.11,-1.58,69.752,70.44,69.599,91289.97,89290.83,93876.13,0.52
2019-05-22,69.5,70.77,70.01,68.7,70089.19,0.48,0.69,70.676,70.304,69.479,101225.31,92843.05,94141.64,0.64
2019-05-21,69.3,70.55,69.53,69.08,78058.89,0.47,0.68,70.786,70.2,69.307,103602.31,95388.74,95492.47,0.71
2019-05-20,70.81,71.1,69.06,68.51,122449.56,-2.2,-3.09,70.58,70.385,69.034,105524.58,98186.1,94467.18,1.12
2019-05-17,73.0,73.33,71.26,71.0,129202.06,-2.26,-3.07,70.86,70.169,68.731,96748.32,97120.06,90841.82,1.18
2019-05-16,70.35,74.86,73.52,69.7,106326.84,2.96,4.2,71.128,70.106,68.293,87291.69,91010.06,87379.05,0.97
2019-05-15,69.1,71.42,70.56,69.0,81974.22,2.06,3.01,69.932,69.804,67.675,84460.79,93966.94,85110.16,0.75
2019-05-14,68.65,70.44,68.5,68.35,87670.23,-1.96,-2.78,69.614,69.356,67.185,87175.16,95899.51,83385.48,0.8
2019-05-13,70.42,72.83,70.46,69.3,78568.26,-2.14,-2.95,70.19,69.351,66.832,90847.61,94900.36,81957.65,0.72
2019-05-10,68.64,72.86,72.6,67.1,81918.88,5.06,7.49,69.478,69.095,66.453,97491.8,97217.41,82288.2,0.75
2019-05-09,67.9,68.87,67.54,65.8,92172.36,-1.43,-2.07,69.084,68.758,65.898,94728.43,98461.44,80982.32,0.84
2019-05-08,70.0,70.0,68.97,68.6,95546.09,-2.41,-3.38,69.676,68.654,65.574,103473.1,95440.23,81662.28,0.87
2019-05-07,67.51,71.38,71.38,67.51,106032.46,4.48,6.7,69.098,68.413,65.254,104623.86,95596.19,83722.61,0.97
2019-05-06,68.3,69.41,66.9,65.65,111789.2,-3.73,-5.28,68.512,67.683,64.794,98953.1,90748.26,81092.6,1.02
2019-04-30,70.0,71.0,70.63,69.51,68102.03,0.13,0.18,68.712,67.293,64.552,96943.02,84563.57,78361.09,0.62
2019-04-29,68.99,71.66,70.5,67.55,135895.7,4.42,6.69,68.432,66.48,64.106,102194.44,83748.04,80338.29,1.24
2019-04-26,67.4,68.47,66.08,66.05,101299.92,-2.37,-3.46,67.632,65.545,63.689,87407.36,76253.37,78972.53,0.93
2019-04-25,67.1,69.2,68.45,66.94,77678.66,0.55,0.81,67.728,65.014,63.366,86568.52,70871.45,77082.24,0.71
2019-04-24,68.95,69.28,67.9,66.2,101738.78,-1.33,-1.92,66.854,64.313,62.846,82543.42,69014.93,75723.26,0.93
2019-04-23,66.75,69.85,69.23,66.0,94359.16,2.73,4.11,65.874,63.811,62.304,72184.12,67359.0,73393.44,0.86
2019-04-22,66.66,68.35,66.5,66.1,61960.29,-0.06,-0.09,64.528,63.038,61.695,65301.64,63503.2,73740.57,0.57
2019-04-19,64.08,67.3,66.56,63.48,97105.72,2.48,3.87,63.458,62.494,61.368,65099.37,67884.34,76066.43,0.89
2019-04-18,63.22,64.5,64.08,62.51,57553.14,1.08,1.71,62.3,62.095,60.942,55174.37,71849.03,73386.24,0.53
2019-04-17,62.55,63.4,63.0,62.1,49942.31,0.5,0.8,61.772,61.904,60.64,55486.45,71436.93,72903.42,0.46
2019-04-16,60.6,62.5,62.5,60.53,59946.75,1.35,2.21,61.748,61.811,60.435,62533.88,72158.6,73649.1,0.55
2019-04-15,61.4,62.68,61.15,61.06,60948.94,0.38,0.62,61.548,61.732,60.235,61704.77,76928.53,74292.82,0.56
2019-04-12,61.0,61.9,60.77,60.45,47480.72,-0.67,-1.09,61.53,61.832,60.067,70669.3,81691.7,76181.79,0.43
2019-04-11,62.8,63.5,61.44,61.2,59113.53,-1.44,-2.29,61.89,61.717,59.891,88523.68,83293.03,77496.45,0.54
2019-04-10,61.01,63.6,62.88,61.01,85179.44,1.38,2.24,62.036,61.379,59.636,87387.41,82431.59,77331.17,0.78
2019-04-09,60.8,61.73,61.5,60.5,55801.2,0.44,0.72,61.874,60.797,59.336,81783.33,79427.87,78034.32,0.51
2019-04-08,61.2,62.0,61.06,60.0,105771.6,-1.51,-2.41,61.916,60.352,59.118,92152.29,83977.93,78912.19,0.97
2019-04-04,65.5,66.36,62.57,61.8,136752.62,0.4,0.64,62.134,60.241,58.875,92714.1,84248.53,78131.5,1.25
2019-04-03,61.77,62.47,62.17,61.0,53432.2,0.1,0.16,61.544,59.789,58.567,78062.38,74923.45,75836.16,0.49
2019-04-02,61.8,62.4,62.07,61.36,57159.01,0.36,0.58,60.722,59.375,58.314,77475.76,74369.91,79096.87,0.52
2019-04-01,62.0,64.3,61.71,61.2,107646.03,-0.44,-0.71,59.72,59.058,58.104,77072.42,75139.6,81210.28,0.98
2019-03-29,59.4,62.39,62.15,59.19,108580.62,2.53,4.24,58.788,58.738,57.963,75803.57,71657.11,82659.26,0.99
2019-03-28,58.2,59.93,59.62,57.61,63494.06,1.56,2.69,58.348,58.301,57.83,75782.96,70671.88,82605.18,0.58
2019-03-27,57.88,58.55,58.06,57.12,50499.08,1.0,1.75,58.034,58.065,57.712,71784.51,71699.86,83202.57,0.46
2019-03-26,57.08,57.98,57.06,56.5,55142.32,0.01,0.02,58.028,57.893,57.603,71264.06,72230.75,86367.33,0.5
2019-03-25,59.05,59.05,57.05,56.8,101301.77,-2.9,-4.84,58.396,57.874,57.597,73206.78,76640.76,89238.74,0.93
2019-03-22,58.06,60.8,59.95,57.85,108477.57,1.9,3.27,58.688,57.884,57.717,67510.65,73846.44,91670.99,0.99
2019-03-21,58.5,58.5,58.05,57.8,43501.79,0.02,0.03,58.254,57.508,57.668,65560.81,72014.48,89314.2,0.4
2019-03-20,59.01,59.01,58.03,57.8,47896.85,-0.87,-1.48,58.096,57.345,57.605,71615.22,76748.87,89888.84,0.44
2019-03-19,58.71,59.69,58.9,58.5,64855.93,0.39,0.67,57.758,57.253,57.519,73197.44,83823.84,91158.04,0.59
2019-03-18,57.86,58.6,58.51,57.14,72821.13,0.73,1.26,57.352,57.149,57.299,80074.75,87280.97,92259.37,0.67
2019-03-15,57.26,58.56,57.78,56.86,98728.33,0.52,0.91,57.08,57.187,57.035,80182.22,93661.4,93098.09,0.9
2019-03-14,56.1,57.61,57.26,56.1,73773.84,0.92,1.63,56.762,57.359,56.746,78468.15,94538.49,92053.65,0.67
2019-03-13,56.0,56.9,56.34,56.0,55807.95,-0.53,-0.93,56.594,57.359,56.542,81882.53,94705.28,92021.72,0.51
2019-03-12,57.8,57.8,56.87,56.5,99242.48,-0.28,-0.49,56.748,57.313,56.36,94450.24,100503.92,93660.98,0.91
2019-03-11,56.18,57.5,57.15,56.17,73358.52,0.96,1.71,56.946,57.319,56.048,94487.19,101836.72,91502.95,0.67
2019-03-08,55.96,57.06,56.19,55.85,90157.94,-0.23,-0.41,57.294,57.549,55.703,107140.57,109495.55,91358.98,0.82
2019-03-07,56.91,56.99,56.42,56.03,90845.75,-0.69,-1.21,57.956,57.827,55.371,110608.82,106613.93,89228.36,0.83
2019-03-06,57.79,57.79,57.11,56.66,118646.49,-0.75,-1.3,58.124,57.865,55.015,107528.04,103028.81,87516.82,1.09
2019-03-05,58.45,58.94,57.86,57.34,99427.24,-1.03,-1.75,57.878,57.785,54.615,106557.6,98492.24,84435.18,0.91
2019-03-04,59.58,60.0,58.89,58.2,136625.44,-0.61,-1.02,57.692,57.449,54.182,109186.26,97237.78,82092.68,1.25
2019-03-01,57.3,59.5,59.5,57.03,107499.2,2.24,3.91,57.804,56.882,53.682,111850.53,92534.78,78374.38,0.98
2019-02-28,56.02,57.26,57.26,56.02,75441.81,1.38,2.47,57.698,56.132,53.114,102619.03,89568.82,76520.87,0.69
2019-02-27,56.55,57.17,55.88,55.54,113794.29,-1.05,-1.84,57.606,55.725,52.617,98529.58,89338.15,79955.58,1.04
2019-02-26,58.8,58.8,56.93,56.89,112570.54,-2.52,-4.24,57.692,55.407,52.216,90426.87,86818.04,77230.62,1.03
2019-02-25,61.91,61.99,59.45,57.03,149946.8,0.48,0.81,57.206,54.777,51.794,85289.3,81169.18,75464.8,1.37
2019-02-22,56.5,58.99,58.97,56.48,61341.69,2.17,3.82,55.96,53.857,51.349,73219.03,73222.4,73025.22,0.56
2019-02-21,56.52,58.17,56.8,55.28,54994.6,0.49,0.87,54.566,52.915,50.9,76518.61,71842.8,75409.02,0.5
2019-02-20,55.0,56.62,56.31,55.0,73280.74,1.81,3.32,53.844,52.165,50.443,80146.71,72004.83,74874.58,0.67
2019-02-19,53.48,55.76,54.5,53.22,86882.67,1.28,2.4,53.122,51.445,50.001,83209.2,70378.13,74130.36,0.79
2019-02-18,52.68,53.78,53.22,52.68,89595.46,1.22,2.35,52.348,50.915,49.695,77049.05,66947.59,74119.67,0.82
2019-02-15,53.22,53.99,52.0,51.76,77839.56,-1.19,-2.24,51.754,50.481,49.428,73225.77,64213.98,72837.05,0.71
2019-02-14,53.3,53.83,53.19,52.69,73135.13,0.49,0.93,51.264,50.095,49.283,67167.0,63472.93,72827.0,0.67
2019-02-13,50.6,53.05,52.7,50.5,88593.19,2.07,4.09,50.486,49.509,49.113,63862.94,70573.02,70768.23,0.81
2019-02-12,50.15,50.72,50.63,49.82,56081.92,0.38,0.76,49.768,49.024,49.013,57547.06,67643.2,68183.18,0.51
2019-02-11,49.0,50.25,50.25,49.0,70479.04,0.7,1.41,49.482,48.811,48.973,56846.12,69760.43,66193.15,0.64
2019-02-01,49.5,49.63,49.55,48.84,47545.72,0.25,0.51,49.208,48.841,48.95,55202.19,72828.04,64196.8,0.43
2019-01-31,48.8,49.6,49.3,48.75,56614.82,0.19,0.39,48.926,48.885,48.963,59778.85,78975.24,63346.3,0.52
2019-01-30,48.9,49.37,49.11,47.89,57013.78,-0.09,-0.18,48.532,48.72,48.983,77283.09,77744.33,62639.7,0.52
2019-01-29,48.48,49.46,49.2,48.03,52577.24,0.32,0.66,48.28,48.557,49.047,77739.35,77882.59,61791.61,0.48
2019-01-28,48.15,49.32,48.88,48.0,62259.4,0.74,1.54,48.14,48.474,49.125,82674.74,81291.75,62502.73,0.57
2019-01-25,47.1,48.5,48.14,46.9,70429.03,0.81,1.71,48.474,48.374,49.257,90453.9,81460.12,60532.36,0.64
2019-01-24,47.75,47.75,47.33,46.2,144136.02,-0.52,-1.09,48.844,48.47,49.391,98171.63,82181.07,58145.38,1.32
2019-01-23,48.2,48.7,47.85,47.4,59295.04,-0.65,-1.34,48.908,48.717,49.527,78205.56,70963.45,51723.93,0.54
2019-01-22,50.1,50.35,48.5,48.1,77254.19,-2.05,-4.05,48.834,49.001,49.649,78025.84,68723.15,49745.01,0.71
2019-01-21,49.5,50.77,50.55,49.26,101155.2,0.56,1.12,48.808,49.135,49.696,79908.77,62625.87,47573.06,0.93
2019-01-18,47.72,50.36,49.99,47.29,109017.71,2.34,4.91,48.274,49.058,49.671,72466.35,55565.55,44275.7,1.0
2019-01-17,47.48,48.05,47.65,47.34,44305.66,0.17,0.36,48.096,49.041,49.664,66190.52,47717.35,40477.21,0.41
2019-01-16,48.38,48.47,47.48,47.39,58396.43,-0.89,-1.84,48.526,49.246,49.806,63721.34,47535.07,40184.44,0.53
2019-01-15,47.78,48.63,48.37,47.39,86668.83,0.49,1.02,49.168,49.536,49.932,59420.47,45700.62,39517.87,0.79
2019-01-14,49.04,49.04,47.88,47.7,63943.1,-1.22,-2.48,49.462,49.775,50.075,45342.97,43713.72,36963.86,0.58
2019-01-11,49.78,49.8,49.1,48.08,77638.56,-0.7,-1.41,49.842,50.14,50.271,38664.75,39604.61,36228.78,0.71
2019-01-10,50.68,50.68,49.8,49.76,31959.8,-0.89,-1.76,49.986,50.312,50.301,29244.19,34109.69,33187.11,0.29
2019-01-09,49.7,51.32,50.69,49.7,36892.05,0.85,1.71,49.966,50.337,50.3,31348.79,32484.42,33243.91,0.34
2019-01-08,49.78,50.11,49.84,49.61,16281.36,0.06,0.12,49.904,50.296,50.246,31980.78,30766.86,32472.83,0.15
2019-01-07,49.97,50.39,49.78,49.58,30551.99,-0.04,-0.08,50.088,50.256,50.251,42084.46,32520.26,33348.36,0.28
2019-01-04,49.4,50.15,49.82,49.17,30535.74,0.12,0.24,50.438,50.283,50.287,40544.46,32985.85,33365.39,0.28
2019-01-03,50.38,50.38,49.7,49.28,42482.83,-0.68,-1.35,50.638,50.286,50.378,38975.18,33237.06,32945.68,0.39
2019-01-02,50.6,50.72,50.38,49.72,40051.97,-0.38,-0.75,50.708,50.365,50.497,33620.04,32833.82,32632.98,0.37
2018-12-28,51.5,51.5,50.76,49.41,66799.78,-0.77,-1.49,50.688,50.328,50.541,29552.95,33335.12,34554.6,0.61
2018-12-27,51.35,51.66,51.53,50.6,22851.99,0.71,1.4,50.424,50.375,50.508,22956.05,30214.0,34194.1,0.21
2018-12-26,50.37,51.3,50.82,50.0,22689.35,0.77,1.54,50.128,50.402,50.353,25427.24,32852.96,34872.33,0.21
2018-12-25,50.23,50.23,50.05,49.58,15707.1,-0.23,-0.46,49.934,50.29,50.285,27498.94,32264.54,35397.21,0.14
2018-12-24,49.44,50.44,50.28,49.21,19716.52,0.84,1.7,50.022,50.263,50.181,32047.6,34003.4,36273.75,0.18
2018-12-21,49.6,50.38,49.44,49.3,33815.31,-0.61,-1.22,49.968,50.196,50.128,37117.29,34178.79,36347.05,0.31
2018-12-20,49.61,50.2,50.05,48.9,35207.91,0.2,0.4,50.326,50.245,50.106,37471.95,34176.46,36112.12,0.32
2018-12-19,50.54,50.56,49.85,49.77,33047.87,-0.64,-1.27,50.676,50.29,50.073,40278.68,33744.94,35594.43,0.3
2018-12-18,49.76,50.51,50.49,49.65,38450.38,0.48,0.96,50.646,50.47,50.082,37030.14,32654.29,34954.51,0.35
2018-12-17,51.25,51.57,50.01,49.12,45064.99,-1.22,-2.38,50.504,50.629,50.06,35959.2,32432.13,34491.86,0.41
2018-12-14,51.63,51.94,51.23,51.0,35588.61,-0.57,-1.1,50.424,50.754,50.111,31240.29,35774.08,34846.75,0.33
2018-12-13,49.89,52.02,51.8,49.88,49241.55,2.1,4.22,50.164,50.641,50.129,30880.96,38174.2,36339.39,0.45
2018-12-12,50.21,50.26,49.7,49.59,16805.18,-0.08,-0.16,49.904,50.304,50.059,27211.19,36891.7,35975.56,0.15
2018-12-11,49.8,50.33,49.78,49.18,33095.67,0.17,0.34,50.294,50.279,50.074,28278.44,38529.88,37963.44,0.3
2018-12-10,49.28,50.47,49.61,49.28,21470.44,-0.32,-0.64,50.754,50.099,50.081,28905.07,38544.09,39146.81,0.2
2018-12-07,50.5,51.0,49.93,49.11,33791.98,-0.57,-1.13,51.084,50.059,50.079,40307.87,38515.31,40459.56,0.31
2018-12-06,51.51,51.8,50.5,50.1,30892.68,-1.15,-2.23,51.118,49.966,50.064,45467.44,38047.78,41370.65,0.28
2018-12-05,51.49,52.0,51.65,51.3,22141.43,-0.43,-0.83,50.704,49.855,50.052,46572.2,37443.93,42459.99,0.2
2018-12-04,51.0,52.15,52.08,50.7,36228.81,0.82,1.6,50.264,49.694,50.03,48781.32,37254.74,44006.67,0.33
2018-12-03,51.5,52.25,51.26,50.67,78484.43,1.16,2.31,49.444,49.49,50.033,48183.12,36551.58,44136.43,0.72
2018-11-30,48.3,50.58,50.1,48.06,59589.86,1.67,3.45,49.034,49.467,50.08,36722.74,33919.42,45268.88,0.54
2018-11-29,49.53,50.22,48.43,47.92,36416.48,-1.02,-2.06,48.814,49.617,50.285,30628.12,34504.57,50156.57,0.33
2018-11-28,47.91,49.47,49.45,47.36,33187.04,1.47,3.06,49.006,49.814,50.372,28315.66,35059.42,52468.21,0.3
2018-11-27,49.31,49.35,47.98,47.89,33237.77,-1.23,-2.5,49.124,49.869,50.377,25728.15,37397.0,55228.5,0.3
2018-11-26,49.39,49.52,49.21,48.73,21182.57,0.21,0.43,49.536,50.062,50.368,24920.05,39749.52,60030.65,0.19
2018-11-23,49.0,49.77,49.0,48.93,29116.75,-0.39,-0.79,49.9,50.098,50.095,31116.1,42403.82,65664.02,0.27
2018-11-22,49.72,49.75,49.39,49.25,24854.17,-0.65,-1.3,50.42,50.162,50.075,38381.03,44693.52,70028.98,0.23
2018-11-21,49.7,50.23,50.04,49.23,20249.48,0.0,0.0,50.622,50.249,50.142,41803.17,47476.05,73035.33,0.19
2018-11-20,50.58,51.1,50.04,49.8,29197.26,-0.99,-1.94,50.614,50.365,50.235,49065.85,50758.61,75705.79,0.27
2018-11-19,51.58,52.0,51.03,50.75,52162.83,-0.57,-1.1,50.588,50.576,50.473,54578.99,51721.29,77085.48,0.48
2018-11-16,50.5,51.65,51.6,50.05,65441.39,1.2,2.38,50.296,50.693,50.712,53691.55,56618.33,79056.07,0.6
2018-11-15,50.18,50.51,50.4,49.32,41964.9,0.4,0.8,49.904,50.953,50.771,51006.01,65808.57,80455.55,0.38
2018-11-14,50.5,50.83,50.0,49.49,56562.85,0.09,0.18,49.876,50.93,50.758,53148.93,69877.0,82696.77,0.52
2018-11-13,49.0,50.25,49.91,48.56,56763.0,0.34,0.69,50.116,50.885,50.892,52451.37,73060.0,82325.6,0.52
2018-11-12,49.58,50.0,49.57,48.55,47725.59,-0.07,-0.14,50.564,50.674,51.067,48863.58,80311.79,81202.45,0.44
2018-11-09,50.0,50.98,49.64,49.2,52013.69,-0.62,-1.23,51.09,50.091,51.291,59545.12,88924.22,80879.03,0.48
2018-11-08,51.9,52.0,50.26,49.88,52679.54,-0.94,-1.84,52.002,49.987,51.539,80611.13,95364.44,81698.69,0.48
2018-11-07,52.1,52.14,51.2,50.51,53075.01,-0.95,-1.82,51.984,50.035,51.671,86605.06,98594.61,82622.02,0.49
2018-11-06,52.0,52.6,52.15,51.86,38824.07,-0.05,-0.1,51.654,50.105,51.835,93668.64,100652.97,82429.71,0.36
2018-11-05,54.35,54.35,52.2,51.95,101133.29,-2.0,-3.69,50.784,50.37,51.919,111759.99,102449.68,83827.88,0.92
2018-11-02,51.78,54.2,54.2,51.6,157343.73,4.03,8.03,49.092,50.73,52.094,118303.32,101493.81,84340.69,1.44
2018-11-01,50.34,51.98,50.17,49.52,82649.18,0.62,1.25,47.972,50.588,52.322,110117.75,95102.54,78300.2,0.76
2018-10-31,47.81,49.99,49.55,47.66,88392.92,1.75,3.66,48.086,50.586,52.728,110584.16,95516.55,77034.44,0.81
2018-10-30,44.0,48.01,47.8,43.8,129280.85,4.06,9.28,48.556,50.899,53.154,107637.3,91591.2,75959.15,1.18
2018-10-29,48.0,48.12,43.74,43.74,133849.91,-4.86,-10.0,49.956,51.459,53.595,93139.37,82093.11,71278.45,1.22
2018-10-26,50.7,51.13,48.6,47.29,116415.87,-2.14,-4.22,52.368,52.49,54.238,84684.3,72833.84,67581.94,1.06
2018-10-25,50.0,50.87,50.74,49.26,84981.25,-1.16,-2.23,53.204,53.091,54.533,80087.34,68032.94,63876.46,0.78
2018-10-24,54.2,54.79,51.9,51.77,73658.62,-2.9,-5.29,53.086,53.307,54.736,80448.94,66649.44,63737.45,0.67
2018-10-23,55.32,56.28,54.8,53.5,56791.18,-1.0,-1.79,53.242,53.564,54.791,75545.1,64206.45,62712.25,0.52
2018-10-22,52.99,57.32,55.8,52.99,91574.56,3.02,5.72,52.962,53.467,54.695,71046.85,65206.09,61312.41,0.84
2018-10-19,49.2,52.86,52.78,49.2,93431.08,2.63,5.24,52.612,53.457,54.607,60983.38,67187.58,58327.99,0.85
2018-10-18,52.69,53.35,50.15,48.63,86789.25,-2.53,-4.8,52.978,54.056,54.64,55978.53,61497.86,55206.91,0.79
2018-10-17,53.89,54.51,52.68,52.5,49139.44,-0.72,-1.35,53.528,54.87,54.837,52849.94,58552.33,51996.37,0.45
2018-10-16,54.07,54.97,53.4,53.0,34299.91,-0.65,-1.2,53.886,55.408,54.93,52867.79,60327.09,51339.47,0.31
2018-10-15,54.61,55.16,54.05,53.84,41257.22,-0.56,-1.02,53.972,55.731,54.911,59365.33,60463.8,51333.46,0.38
2018-10-12,52.9,54.9,54.61,52.2,68406.84,1.71,3.23,54.302,55.986,54.862,73391.78,62330.04,51014.89,0.63
2018-10-11,52.5,53.47,52.9,51.15,71146.28,-1.57,-2.88,55.134,55.974,54.787,67017.18,59719.98,48910.53,0.65
2018-10-10,54.0,54.55,54.47,52.3,49228.7,0.64,1.19,56.212,56.165,54.837,64254.72,60825.46,47667.42,0.45
2018-10-09,55.0,55.44,53.83,53.54,66787.6,-1.87,-3.36,56.93,56.018,54.828,67786.39,61218.05,47140.89,0.61
2018-10-08,56.0,57.37,55.7,53.91,111389.47,-3.07,-5.22,57.49,55.922,54.852,61562.27,57418.73,45514.68,1.02
2018-09-28,58.28,58.9,58.77,57.5,36533.87,0.48,0.82,57.67,55.757,54.811,51268.3,49468.39,42166.87,0.33
2018-09-27,58.13,58.57,58.29,57.7,57333.97,0.23,0.4,56.814,55.223,54.614,52422.78,48915.97,42224.57,0.52
2018-09-26,56.4,58.62,58.06,56.32,66887.05,1.43,2.52,56.118,54.804,54.435,57396.19,45440.4,41902.34,0.61
2018-09-25,56.03,57.38,56.63,55.88,35666.98,0.03,0.05,55.106,54.451,54.323,54649.7,42351.85,43887.23,0.33
2018-09-21,54.64,56.88,56.6,54.64,59919.61,2.11,3.87,54.354,54.091,54.365,53275.19,42203.12,47998.43,0.55
2018-09-20,54.72,55.19,54.49,54.05,42306.3,-0.32,-0.58,53.844,53.738,54.388,47668.49,39699.74,46404.67,0.39
2018-09-19,52.6,55.72,54.81,52.08,82201.03,1.81,3.42,53.632,53.599,54.503,45409.15,38101.08,46912.64,0.75
2018-09-18,52.56,53.2,53.0,50.8,53154.59,0.13,0.25,53.49,53.508,54.683,33484.61,34509.39,44530.25,0.49
2018-09-17,53.78,54.08,52.87,52.35,28794.42,-1.18,-2.18,53.796,53.638,54.961,30053.99,33063.72,45797.32,0.26
2018-09-14,53.45,54.29,54.05,53.2,31886.11,0.62,1.16,53.828,53.781,55.047,31131.04,33610.64,49330.58,0.29
2018-09-13,54.2,54.8,53.43,52.6,31009.59,-0.67,-1.24,53.632,53.864,55.174,31731.0,34865.35,50338.8,0.28
2018-09-12,54.4,54.68,54.1,53.6,22578.32,-0.43,-0.79,53.566,54.004,55.333,30793.0,35533.17,52315.22,0.21
2018-09-11,53.0,54.6,54.53,53.0,36001.52,1.5,2.83,53.526,54.065,55.53,35534.17,38364.28,53207.86,0.33
2018-09-10,53.1,53.83,53.03,52.88,34179.68,-0.04,-0.07,53.48,54.195,55.717,36073.45,45422.61,54443.02,0.31
2018-09-07,53.1,54.18,53.07,52.8,34885.87,-0.03,-0.06,53.734,54.639,56.077,36090.23,53793.75,55003.07,0.32
2018-09-06,53.79,54.1,53.1,53.01,26319.62,-0.8,-1.48,54.096,55.038,56.363,37999.71,53109.59,54765.78,0.24
2018-09-05,54.3,54.96,53.9,53.9,46284.18,-0.4,-0.74,54.442,55.407,56.619,40273.34,55724.2,56533.79,0.42
2018-09-04,54.58,54.58,54.3,53.65,38697.92,0.0,0.0,54.604,55.858,56.801,41194.39,54551.11,58354.78,0.35
2018-09-03,53.85,54.5,54.3,53.85,34263.54,-0.58,-1.06,54.91,56.283,56.885,54771.76,58530.92,61658.98,0.31
2018-08-31,54.76,55.21,54.88,53.99,44433.27,0.05,0.09,55.544,56.312,56.913,71497.27,65050.52,67884.65,0.41
2018-08-30,54.2,55.35,54.83,54.2,37687.8,0.12,0.22,55.98,56.484,57.149,68219.47,65812.25,69283.73,0.34
2018-08-29,55.3,55.7,54.71,54.59,50889.4,-1.12,-2.01,56.372,56.661,57.512,71175.06,69097.28,70098.67,0.47
2018-08-28,56.8,56.88,55.83,55.21,106584.81,-1.64,-2.85,57.112,56.994,57.861,67907.83,68051.44,72666.9,0.97
2018-08-27,56.45,57.47,57.47,54.6,117891.07,0.41,0.72,57.656,57.238,58.084,62290.07,63463.44,72385.17,1.08
2018-08-24,56.27,57.99,57.06,56.22,28044.29,0.27,0.47,57.08,57.514,58.23,58603.77,56212.39,70152.43,0.26
2018-08-23,57.97,58.21,56.79,56.15,52465.72,-1.04,-1.8,56.988,57.688,58.463,63405.02,56421.97,72534.23,0.48
2018-08-22,58.58,58.76,58.41,57.51,34553.27,-0.14,-0.24,56.95,57.83,58.749,67019.49,57343.39,74343.41,0.32
2018-08-21,54.5,58.7,58.55,54.3,78495.99,3.96,7.25,56.876,57.744,58.962,68195.05,62158.46,76892.41,0.72
2018-08-20,56.03,56.52,54.59,53.1,99459.56,-2.08,-3.67,56.82,57.486,59.109,64636.8,64787.04,78870.91,0.91
2018-08-17,56.9,58.1,56.6,56.07,52050.55,0.02,0.04,57.948,57.513,59.471,53821.02,70718.78,78237.01,0.48
2018-08-16,57.77,58.26,56.6,56.57,70538.09,-1.43,-2.46,58.388,57.814,59.735,49438.93,72755.22,78516.34,0.65
2018-08-15,57.6,59.18,58.04,57.03,40431.07,-0.04,-0.07,58.71,58.362,59.968,47667.28,71100.07,78058.03,0.37
2018-08-14,60.19,60.63,58.27,57.51,60704.75,-1.96,-3.25,58.612,58.728,60.203,56121.86,77282.36,78475.4,0.56
2018-08-13,58.08,60.46,60.23,58.07,45380.62,1.43,2.43,58.152,58.929,60.403,64937.28,81306.91,77866.09,0.42
2018-08-10,58.21,58.94,58.8,57.79,30140.11,0.59,1.01,57.078,58.946,60.525,87616.54,84092.48,79397.29,0.28
2018-08-09,57.01,58.96,58.21,57.01,61679.87,0.63,1.09,57.24,59.238,60.67,96071.51,88646.48,81427.21,0.56
2018-08-08,55.78,58.67,57.55,55.0,82703.97,1.54,2.75,58.014,59.667,60.765,94532.86,91343.44,81861.74,0.76
2018-08-07,53.84,56.12,55.97,53.6,104781.85,1.02,1.86,58.844,60.179,60.886,98442.86,91626.36,81088.43,0.96
2018-08-06,58.1,58.55,54.86,53.92,158776.88,-4.82,-8.08,59.706,60.732,61.097,97676.54,92954.78,79815.2,1.45
2018-08-03,62.1,62.66,59.61,59.5,72414.99,-2.47,-3.98,60.814,61.428,61.207,80568.41,85755.24,73977.35,0.66
2018-08-02,61.03,62.29,62.08,60.8,53986.6,0.39,0.63,61.236,61.656,61.291,81221.45,84277.47,74059.57,0.49
2018-08-01,61.14,62.66,61.7,60.91,102253.99,1.43,2.37,61.32,61.573,61.247,88154.02,85015.99,75174.74,0.94
2018-07-31,60.71,61.36,60.28,59.97,100950.25,-0.12,-0.2,61.514,61.678,61.221,84809.86,79668.43,73581.84,0.92
2018-07-30,61.68,61.97,60.4,60.1,73236.24,-1.3,-2.11,61.758,61.877,61.279,88233.02,74425.27,71871.32,0.67
2018-07-27,62.11,62.34,61.72,60.3,75680.17,-0.74,-1.19,62.042,62.104,61.338,90942.06,74702.11,71780.32,0.69
2018-07-26,62.7,63.85,62.5,62.02,88649.46,-0.19,-0.3,62.076,62.102,61.311,87333.49,74207.93,71501.76,0.81
2018-07-25,61.62,62.88,62.67,61.0,85533.18,1.25,2.04,61.826,61.862,61.219,81877.95,72380.03,70182.71,0.78
2018-07-24,62.3,63.3,61.5,60.83,118066.04,-0.33,-0.53,61.842,61.592,61.098,74527.0,70550.5,68903.5,1.08
2018-07-23,62.0,64.78,61.82,61.22,86781.47,-0.01,-0.02,61.996,61.462,61.062,60617.51,66675.62,64434.18,0.79
2018-07-20,61.22,62.69,61.89,61.22,57637.29,0.67,1.09,62.166,60.986,60.986,58462.15,62199.45,62199.45,0.53
2018-07-19,63.0,63.19,61.25,60.27,61371.78,-1.51,-2.41,62.128,60.886,60.886,61082.38,62706.36,62706.36,0.56
2018-07-18,62.28,63.8,62.75,61.75,48778.43,0.47,0.76,61.898,60.84,60.84,62882.12,62873.18,62873.18,0.45
2018-07-17,62.7,62.7,62.27,61.16,48518.6,-0.26,-0.42,61.342,60.567,60.567,66574.0,64886.72,64886.72,0.44
2018-07-16,62.0,64.3,62.67,62.0,76004.65,0.94,1.52,60.928,60.283,60.283,72733.73,67614.74,67614.74,0.7
2018-07-13,59.77,62.8,61.7,59.77,70738.42,1.65,2.75,59.806,59.806,59.806,65936.75,65936.75,65936.75,0.65
2018-07-12,59.45,60.92,60.1,58.91,70370.48,0.15,0.25,59.333,59.333,59.333,64736.34,64736.34,64736.34,0.64
2018-07-11,59.83,60.2,59.97,58.1,67237.83,-0.21,-0.35,59.077,59.077,59.077,62858.29,62858.29,62858.29,0.61
2018-07-10,57.05,60.2,60.2,57.05,79317.26,3.16,5.54,58.63,58.63,58.63,60668.52,60668.52,60668.52,0.73
2018-07-09,56.8,57.18,57.06,56.08,42019.77,1.17,2.09,57.06,57.06,57.06,42019.77,42019.77,42019.77,0.38
